Time,HeartRate_BPM,RespirationRate_BPM,Range_m,HeartWaveform,BreathWaveform,HeartRate_FFT,BreathRate_FFT
2.89,54.55,7.03,0.100,157.0312,56.2500,54.55,7.03
3.03,54.55,7.03,0.100,157.0312,56.2500,54.55,7.03
3.17,54.55,7.03,0.100,157.0312,56.2500,54.55,7.03
3.32,54.55,7.03,0.100,157.0312,56.2500,54.55,7.03
3.65,54.55,7.03,0.100,157.0312,56.2500,54.55,7.03
3.87,54.55,7.03,0.100,157.0312,56.2500,54.55,7.03
4.14,54.55,7.03,0.100,157.0312,56.2500,54.55,7.03
4.42,54.55,7.03,0.100,157.0312,56.2500,54.55,7.03
4.95,54.55,7.03,0.100,157.0312,56.2500,54.55,7.03
5.45,54.55,7.03,0.100,157.0312,56.2500,54.55,7.03
5.96,54.55,7.03,0.100,157.0312,56.2500,54.55,7.03
6.22,54.55,7.03,0.100,157.0312,56.2500,54.55,7.03
6.45,54.55,7.03,0.100,157.0312,56.2500,54.55,7.03
6.67,54.55,7.03,0.100,157.0312,56.2500,54.55,7.03
6.84,54.55,7.03,0.100,157.0312,56.2500,54.55,7.03
7.02,54.55,7.03,0.100,157.0312,56.2500,54.55,7.03
7.17,54.55,7.03,0.100,157.0312,56.2500,54.55,7.03
7.30,54.55,7.03,0.100,157.0312,56.2500,54.55,7.03
7.43,54.55,7.03,0.100,157.0312,56.2500,54.55,7.03
7.56,54.55,7.03,0.100,157.0312,56.2500,54.55,7.03
7.69,54.55,7.03,0.100,157.0312,56.2500,54.55,7.03
7.93,54.55,7.03,0.100,157.0312,56.2500,54.55,7.03
8.10,54.55,7.03,0.100,157.0312,56.2500,54.55,7.03
8.26,54.55,7.03,0.100,157.0312,56.2500,54.55,7.03
8.40,54.55,7.03,0.100,157.0312,56.2500,54.55,7.03
8.52,54.55,7.03,0.100,157.0312,56.2500,54.55,7.03
8.66,54.55,7.03,0.100,157.0312,56.2500,54.55,7.03
8.79,54.55,7.03,0.100,157.0312,56.2500,54.55,7.03
8.95,54.55,7.03,0.100,157.0312,56.2500,54.55,7.03
9.06,54.55,7.03,0.100,157.0312,56.2500,54.55,7.03
9.22,54.55,7.03,0.100,157.0312,56.2500,54.55,7.03
9.34,54.55,7.03,0.100,157.0312,56.2500,54.55,7.03
9.47,54.55,7.03,0.100,157.0312,56.2500,54.55,7.03
9.61,54.55,7.03,0.100,157.0312,56.2500,54.55,7.03
9.74,54.55,7.03,0.100,157.0312,56.2500,54.55,7.03
9.89,54.55,7.03,0.100,157.0312,56.2500,54.55,7.03
