index,timestamp,heart_wf,breath_wf,hr_fft,rr_fft,combined
0,26-11-2025 23:11,219.1406,108.9844,120.0,7.03,0.8079151494411692
1,26-11-2025 23:11,219.1406,108.9844,120.0,9.38,0.8496400910850697
2,26-11-2025 23:11,219.1406,108.9844,100.0,9.38,0.7797098427388216
3,26-11-2025 23:11,219.1406,108.9844,100.0,9.38,0.7797098427388216
4,26-11-2025 23:11,105.4688,105.4688,100.0,11.72,0.17207078417752153
5,26-11-2025 23:11,105.4688,105.4688,80.0,11.72,0.1021405358312737
6,26-11-2025 23:11,105.4688,105.4688,80.0,11.72,0.1021405358312737
7,26-11-2025 23:11,160.5469,90.2344,80.0,14.06,0.3789979394799219
8,26-11-2025 23:11,160.5469,90.2344,50.0,14.06,0.27410256696055035
9,26-11-2025 23:11,160.5469,90.2344,50.0,14.06,0.27410256696055035
10,26-11-2025 23:11,147.6562,49.2188,50.0,11.72,-0.031092192115394712
11,26-11-2025 23:11,144.1406,90.2344,70.59,11.72,0.2132249365093417
12,26-11-2025 23:11,147.6562,90.2344,70.59,14.06,0.27434143335914585
13,26-11-2025 23:11,147.6562,64.4531,70.59,11.72,0.11217525109077875
14,26-11-2025 23:11,147.6562,64.4531,70.59,11.72,0.11217525109077875
15,26-11-2025 23:11,144.1406,65.625,70.59,14.06,0.1396363104077476
16,26-11-2025 23:11,144.1406,65.625,70.59,11.72,0.09808892170701267
17,26-11-2025 23:11,141.7969,65.625,70.59,9.38,0.04349564645235415
18,26-11-2025 23:11,141.7969,65.625,70.59,11.72,0.08504303515308931
19,26-11-2025 23:11,142.9688,64.4531,70.59,9.38,0.04453608928219688
20,26-11-2025 23:11,142.9688,64.4531,70.59,11.72,0.08608347798293181
21,26-11-2025 23:11,142.9688,64.4531,66.67,11.72,0.07237714930706729
22,26-11-2025 23:11,142.9688,64.4531,66.67,11.72,0.07237714930706729
23,26-11-2025 23:11,142.9688,66.7969,66.67,9.38,0.04179531813693815
24,26-11-2025 23:11,98.4375,66.7969,50.0,9.38,-0.2643689547478838
25,26-11-2025 23:11,98.4375,66.7969,50.0,9.38,-0.2643689547478838
26,26-11-2025 23:11,108.9844,65.625,50.0,9.38,-0.21114385242961142
27,26-11-2025 23:11,108.9844,65.625,50.0,11.72,-0.1695964637288765
28,26-11-2025 23:11,108.9844,48.0469,50.0,9.38,-0.2933836624939292
29,26-11-2025 23:11,108.9844,48.0469,50.0,11.72,-0.2518362737931942
30,26-11-2025 23:12,108.9844,48.0469,50.0,9.38,-0.2933836624939292
31,26-11-2025 23:12,108.9844,48.0469,50.0,9.38,-0.2933836624939292
32,26-11-2025 23:17,125.3906,119.5312,133.33,7.03,0.38202067040595344
33,26-11-2025 23:17,125.3906,119.5312,133.33,9.38,0.42374561204985395
34,26-11-2025 23:17,125.3906,119.5312,133.33,11.72,0.4652930007505889
35,26-11-2025 23:17,125.3906,119.5312,133.33,14.06,0.506840389451324
36,26-11-2025 23:17,125.3906,119.5312,133.33,16.41,0.5485653310952245
37,26-11-2025 23:17,125.3906,119.5312,133.33,14.06,0.506840389451324
38,26-11-2025 23:17,125.3906,119.5312,133.33,16.41,0.5485653310952245
39,26-11-2025 23:17,125.3906,119.5312,133.33,14.06,0.506840389451324
40,26-11-2025 23:17,125.3906,119.5312,109.09,14.06,0.4220849284556716
41,26-11-2025 23:17,125.3906,119.5312,109.09,16.41,0.4638098700995721
42,26-11-2025 23:17,125.3906,119.5312,109.09,16.41,0.4638098700995721
43,26-11-2025 23:17,125.3906,119.5312,109.09,14.06,0.4220849284556716
44,26-11-2025 23:17,118.3594,118.3594,109.09,16.41,0.4191893428899376
45,26-11-2025 23:17,118.3594,118.3594,109.09,14.06,0.3774644012460371
46,26-11-2025 23:17,118.3594,118.3594,54.55,14.06,0.18676461400581967
47,26-11-2025 23:17,118.3594,118.3594,54.55,14.06,0.18676461400581967
48,26-11-2025 23:17,106.6406,106.6406,54.55,16.41,0.10843160102558258
49,26-11-2025 23:17,106.6406,106.6406,54.55,16.41,0.10843160102558258
50,26-11-2025 23:17,106.6406,106.6406,54.55,14.06,0.06670665938168208
51,26-11-2025 23:17,108.9844,108.9844,54.55,16.41,0.13244360174648007
52,26-11-2025 23:17,108.9844,108.9844,54.55,16.41,0.13244360174648007
53,26-11-2025 23:17,108.9844,108.9844,54.55,14.06,0.09071866010257956
54,26-11-2025 23:17,108.9844,107.8125,54.55,14.06,0.08523588133727644
55,26-11-2025 23:17,107.8125,107.8125,54.55,16.41,0.12043760138603132
56,26-11-2025 23:17,107.8125,107.8125,54.55,14.06,0.07871265974213082
57,26-11-2025 23:17,214.4531,106.6406,54.55,11.72,0.6252828547978879
58,26-11-2025 23:17,214.4531,106.6406,54.55,14.06,0.6668302434986226
59,26-11-2025 23:17,214.4531,106.6406,54.55,14.06,0.6668302434986226
60,26-11-2025 23:17,214.4531,49.2188,54.55,16.41,0.43990510774216496
61,26-11-2025 23:17,214.4531,49.2188,54.55,14.06,0.39818016609826445
62,26-11-2025 23:17,213.2812,57.4219,54.55,11.72,0.38848807145189124
63,26-11-2025 23:17,213.2812,57.4219,54.55,14.06,0.43003546015262617
64,26-11-2025 23:22,119.5312,69.1406,63.16,7.03,-0.13169949777237144
65,26-11-2025 23:22,119.5312,69.1406,70.59,7.03,-0.1057204105117403
66,26-11-2025 23:22,119.5312,69.1406,70.59,7.03,-0.1057204105117403
67,26-11-2025 23:22,201.5625,70.3125,70.59,7.03,0.3563784170955058
68,26-11-2025 23:22,202.7344,58.5938,70.59,9.38,0.34980019624294245
69,26-11-2025 23:22,202.7344,58.5938,70.59,11.72,0.3913475849436774
70,26-11-2025 23:22,202.7344,58.5938,70.59,11.72,0.3913475849436774
71,26-11-2025 23:22,160.5469,59.7656,70.59,11.72,0.16199892815724026
72,26-11-2025 23:22,162.8906,60.9375,70.59,14.06,0.22207498217720167
73,26-11-2025 23:22,162.8906,60.9375,70.59,14.06,0.22207498217720167
74,26-11-2025 23:22,162.8906,60.9375,70.59,11.72,0.18052759347646674
75,26-11-2025 23:22,162.8906,60.9375,70.59,14.06,0.22207498217720167
76,26-11-2025 23:22,164.0625,60.9375,70.59,11.72,0.18705081507161236
77,26-11-2025 23:22,164.0625,60.9375,70.59,14.06,0.2285982037723473
78,26-11-2025 23:23,130.0781,60.9375,70.59,11.72,-0.0021187147330369305
79,26-11-2025 23:23,130.0781,60.9375,54.55,11.72,-0.05820277390672757
80,26-11-2025 23:23,130.0781,60.9375,54.55,11.72,-0.05820277390672757
81,26-11-2025 23:23,158.2031,63.2812,66.67,11.72,0.15169402473318638
82,26-11-2025 23:23,205.0781,63.2812,54.55,11.72,0.3702395916775083
83,26-11-2025 23:23,158.2031,63.2812,54.55,11.72,0.10931629423536027
84,26-11-2025 23:23,205.0781,63.2812,54.55,14.06,0.41178698037824346
85,26-11-2025 23:23,205.0781,63.2812,54.55,11.72,0.3702395916775083
86,26-11-2025 23:23,103.125,63.2812,54.55,14.06,-0.15572105239933687
87,26-11-2025 23:23,96.0938,63.2812,54.55,11.72,-0.2364066573982101
88,26-11-2025 23:23,96.0938,63.2812,54.55,14.06,-0.19485926869747516
89,26-11-2025 23:23,103.125,63.2812,54.55,11.72,-0.1972684411000718
90,26-11-2025 23:23,103.125,63.2812,54.55,11.72,-0.1972684411000718
91,26-11-2025 23:23,96.0938,63.2812,54.55,14.06,-0.19485926869747516
92,26-11-2025 23:23,101.9531,63.2812,54.55,11.72,-0.2037916626952173
93,26-11-2025 23:23,101.9531,63.2812,54.55,14.06,-0.16224427399448238
94,26-11-2025 23:23,101.9531,63.2812,54.55,14.06,-0.16224427399448238
95,26-11-2025 23:23,121.875,62.1094,54.55,11.72,-0.09838143303470837
96,26-11-2025 23:39,138.2812,94.9219,109.09,7.03,0.25388343009927783
97,26-11-2025 23:39,138.2812,94.9219,109.09,9.38,0.29560837174317833
98,26-11-2025 23:39,138.2812,94.9219,109.09,11.72,0.3371557604439135
99,26-11-2025 23:39,138.2812,94.9219,120.0,11.72,0.37530271091679146
100,26-11-2025 23:39,138.2812,94.9219,120.0,11.72,0.37530271091679146
101,26-11-2025 23:39,134.7656,117.1875,120.0,14.06,0.5014514487401802
102,26-11-2025 23:39,134.7656,117.1875,120.0,16.41,0.5431763903840805
103,26-11-2025 23:39,134.7656,117.1875,120.0,14.06,0.5014514487401802
104,26-11-2025 23:39,134.7656,117.1875,120.0,16.41,0.5431763903840805
105,26-11-2025 23:39,134.7656,117.1875,120.0,14.06,0.5014514487401802
106,26-11-2025 23:39,134.7656,117.1875,120.0,16.41,0.5431763903840805
107,26-11-2025 23:39,134.7656,117.1875,120.0,14.06,0.5014514487401802
108,26-11-2025 23:39,134.7656,117.1875,120.0,16.41,0.5431763903840805
109,26-11-2025 23:39,134.7656,117.1875,63.16,16.41,0.3444346245840444
110,26-11-2025 23:39,134.7656,117.1875,63.16,14.06,0.3027096829401439
111,26-11-2025 23:39,119.5312,66.7969,60.0,14.06,-0.028893847642507242
112,26-11-2025 23:39,119.5312,66.7969,60.0,11.72,-0.07044123634324218
113,26-11-2025 23:39,132.4219,65.625,60.0,14.06,0.03737769786605649
114,26-11-2025 23:39,132.4219,65.625,70.59,14.06,0.07440576436539459
115,26-11-2025 23:39,132.4219,66.7969,70.59,11.72,0.038341154429962776
116,26-11-2025 23:39,132.4219,66.7969,70.59,14.06,0.07988854313069749
117,26-11-2025 23:39,132.4219,66.7969,70.59,11.72,0.038341154429962776
118,26-11-2025 23:39,132.4219,66.7969,70.59,11.72,0.038341154429962776
119,26-11-2025 23:39,132.4219,66.7969,70.59,11.72,0.038341154429962776
120,26-11-2025 23:39,132.4219,66.7969,70.59,14.06,0.07988854313069749
121,26-11-2025 23:39,131.25,67.9688,70.59,11.72,0.03730071160012005
122,26-11-2025 23:39,131.25,67.9688,70.59,11.72,0.03730071160012005
123,26-11-2025 23:39,131.25,67.9688,70.59,14.06,0.07884810030085498
124,26-11-2025 23:39,131.25,67.9688,70.59,11.72,0.03730071160012005
125,26-11-2025 23:45,107.8125,107.8125,52.17,7.03,-0.05442875885644305
126,26-11-2025 23:45,107.8125,107.8125,52.17,7.03,-0.05442875885644305
127,26-11-2025 23:45,107.8125,106.6406,52.17,7.03,-0.05991153762174617
128,26-11-2025 23:45,131.25,106.6406,54.55,7.03,0.07887181065253146
129,26-11-2025 23:45,131.25,105.4688,54.55,9.38,0.11511444138493587
130,26-11-2025 23:45,132.4219,103.125,54.55,9.38,0.11067210544947548
131,26-11-2025 23:45,128.9062,110.1562,54.55,11.72,0.16554556624897754
132,26-11-2025 23:45,101.9531,101.9531,54.55,14.06,0.018683682430062243
133,26-11-2025 23:45,101.9531,101.9531,57.14,14.06,0.02773964959090125
134,26-11-2025 23:45,101.9531,101.9531,57.14,14.06,0.02773964959090125
135,26-11-2025 23:45,219.1406,110.1562,54.55,14.06,0.7093704416849393
136,26-11-2025 23:45,110.1562,63.2812,54.55,16.41,-0.07485789445729796
137,26-11-2025 23:45,110.1562,63.2812,54.55,16.41,-0.07485789445729796
138,26-11-2025 23:45,110.1562,63.2812,54.55,14.06,-0.11658283610119846
139,26-11-2025 23:45,110.1562,52.7344,54.55,14.06,-0.1659264414275049
140,26-11-2025 23:45,110.1562,56.25,54.55,16.41,-0.10775363134150218
141,26-11-2025 23:45,110.1562,56.25,54.55,14.06,-0.14947857298540268
142,26-11-2025 23:46,219.1406,56.25,50.0,14.06,0.4412591012279121
143,26-11-2025 23:46,219.1406,56.25,50.0,16.41,0.4829840428718126
144,26-11-2025 23:46,219.1406,56.25,50.0,14.06,0.4412591012279121
145,26-11-2025 23:46,219.1406,56.25,50.0,14.06,0.4412591012279121
146,26-11-2025 23:46,219.1406,51.5625,60.0,14.06,0.4542935781936308
147,26-11-2025 23:46,219.1406,51.5625,60.0,14.06,0.4542935781936308
148,26-11-2025 23:46,219.1406,51.5625,60.0,16.41,0.4960185198375313
149,26-11-2025 23:46,111.3281,56.25,60.0,14.06,-0.12389935871590452
150,26-11-2025 23:46,111.3281,56.25,60.0,16.41,-0.08217441707200401
151,26-11-2025 23:46,111.3281,56.25,50.0,16.41,-0.11713954124512793
152,26-11-2025 23:46,111.3281,56.25,50.0,16.41,-0.11713954124512793
153,26-11-2025 23:46,111.3281,51.5625,50.0,14.06,-0.18079513009643355
154,26-11-2025 23:46,154.6875,51.5625,50.0,16.41,0.1022840008405459
155,26-11-2025 23:46,140.625,51.5625,50.0,14.06,-0.017717930035999196
156,26-11-2025 23:46,140.625,51.5625,50.0,16.41,0.02400701160790142
157,26-11-2025 23:46,140.625,51.5625,50.0,16.41,0.02400701160790142
158,26-11-2025 23:46,140.625,51.5625,50.0,14.06,-0.017717930035999196
159,26-11-2025 23:46,140.625,51.5625,50.0,16.41,0.02400701160790142
160,26-11-2025 23:46,140.625,51.5625,50.0,14.06,-0.017717930035999196
161,26-11-2025 23:46,140.625,51.5625,50.0,16.41,0.02400701160790142
162,26-11-2025 23:46,140.625,51.5625,50.0,14.06,-0.017717930035999196
163,26-11-2025 23:46,140.625,51.5625,50.0,16.41,0.02400701160790142
164,26-11-2025 23:46,140.625,51.5625,50.0,16.41,0.02400701160790142
165,26-11-2025 23:46,140.625,51.5625,50.0,14.06,-0.017717930035999196
166,26-11-2025 23:46,140.625,51.5625,50.0,16.41,0.02400701160790142
167,26-11-2025 23:46,140.625,51.5625,50.0,14.06,-0.017717930035999196
168,26-11-2025 23:46,140.625,55.0781,50.0,14.06,-0.0012700615938970872
169,26-11-2025 23:49,219.1406,48.0469,54.55,7.03,0.2939699980318058
170,26-11-2025 23:49,219.1406,48.0469,57.14,7.03,0.3030259651926448
171,26-11-2025 23:49,219.1406,48.0469,57.14,7.03,0.3030259651926448
172,26-11-2025 23:49,171.0938,48.0469,57.14,9.38,0.0773049444356193
173,26-11-2025 23:49,171.0938,48.0469,57.14,9.38,0.0773049444356193
174,26-11-2025 23:49,172.2656,107.8125,60.0,9.38,0.3734432698388752
175,26-11-2025 23:49,173.4375,106.6406,57.14,9.38,0.3644836871552044
176,26-11-2025 23:49,173.4375,106.6406,57.14,11.72,0.40603107585593934
177,26-11-2025 23:49,173.4375,106.6406,57.14,11.72,0.40603107585593934
178,26-11-2025 23:49,106.6406,106.6406,57.14,11.72,0.03421523784178615
179,26-11-2025 23:49,106.6406,106.6406,57.14,14.06,0.0757626265425213
180,26-11-2025 23:49,106.6406,106.6406,57.14,16.41,0.11748756818642181
181,26-11-2025 23:49,106.6406,106.6406,54.55,14.06,0.06670665938168208
182,26-11-2025 23:49,106.6406,106.6406,54.55,14.06,0.06670665938168208
183,26-11-2025 23:49,106.6406,106.6406,57.14,14.06,0.0757626265425213
184,26-11-2025 23:49,106.6406,106.6406,57.14,16.41,0.11748756818642181
185,26-11-2025 23:49,106.6406,106.6406,57.14,16.41,0.11748756818642181
186,26-11-2025 23:49,106.6406,106.6406,57.14,14.06,0.0757626265425213
187,26-11-2025 23:49,106.6406,106.6406,57.14,16.41,0.11748756818642181
188,26-11-2025 23:49,106.6406,106.6406,57.14,14.06,0.0757626265425213
189,26-11-2025 23:49,106.6406,106.6406,57.14,16.41,0.11748756818642181
190,26-11-2025 23:49,106.6406,106.6406,57.14,16.41,0.11748756818642181
191,26-11-2025 23:49,106.6406,106.6406,57.14,14.06,0.0757626265425213
192,26-11-2025 23:49,107.8125,107.8125,57.14,16.41,0.12949356854687055
193,26-11-2025 23:49,107.8125,107.8125,54.55,16.41,0.12043760138603132
194,26-11-2025 23:49,107.8125,107.8125,54.55,16.41,0.12043760138603132
195,26-11-2025 23:49,107.8125,107.8125,54.55,14.06,0.07871265974213082
196,26-11-2025 23:49,107.8125,107.8125,54.55,16.41,0.12043760138603132
197,26-11-2025 23:49,107.8125,107.8125,54.55,16.41,0.12043760138603132
198,26-11-2025 23:49,106.6406,106.6406,54.55,14.06,0.06670665938168208
199,26-11-2025 23:49,106.6406,106.6406,54.55,16.41,0.10843160102558258
200,26-11-2025 23:49,106.6406,106.6406,54.55,14.06,0.06670665938168208
201,26-11-2025 23:49,106.6406,106.6406,54.55,16.41,0.10843160102558258
202,26-11-2025 23:49,106.6406,106.6406,54.55,14.06,0.06670665938168208
203,26-11-2025 23:49,106.6406,106.6406,54.55,14.06,0.06670665938168208
204,26-11-2025 23:49,106.6406,106.6406,54.55,16.41,0.10843160102558258
205,26-11-2025 23:49,106.6406,106.6406,54.55,14.06,0.06670665938168208
206,26-11-2025 23:49,106.6406,106.6406,109.09,14.06,0.25740644662189993
207,26-11-2025 23:50,106.6406,106.6406,109.09,16.41,0.29913138826580044
208,26-11-2025 23:50,106.6406,106.6406,109.09,14.06,0.25740644662189993
209,26-11-2025 23:50,106.6406,106.6406,109.09,14.06,0.25740644662189993
210,26-11-2025 23:51,104.2969,48.0469,133.33,7.03,-0.0698365541474032
211,26-11-2025 23:51,124.2188,46.875,50.0,7.03,-0.25579117207534263
212,26-11-2025 23:51,141.7969,110.1562,50.0,9.38,0.17984337032333775
213,26-11-2025 23:51,141.7969,110.1562,60.0,9.38,0.21480849449646167
214,26-11-2025 23:51,141.7969,110.1562,60.0,9.38,0.21480849449646167
215,26-11-2025 23:51,106.6406,106.6406,60.0,11.72,0.044215263355299905
216,26-11-2025 23:51,106.6406,106.6406,60.0,11.72,0.044215263355299905
217,26-11-2025 23:51,134.7656,111.3281,60.0,11.72,0.22269988902799365
218,26-11-2025 23:51,107.8125,107.8125,133.33,11.72,0.312620519277266
219,26-11-2025 23:51,107.8125,107.8125,133.33,14.06,0.3541679079780009
220,26-11-2025 23:51,107.8125,107.8125,133.33,14.06,0.3541679079780009
221,26-11-2025 23:51,133.5938,79.6875,100.0,14.06,0.24955335777591303
222,26-11-2025 23:51,112.5,112.5,52.17,14.06,0.11841393714054727
223,26-11-2025 23:51,112.5,112.5,52.17,11.72,0.07686654843981233
224,26-11-2025 23:51,112.5,112.5,52.17,11.72,0.07686654843981233
225,26-11-2025 23:51,112.5,112.5,52.17,14.06,0.11841393714054727
226,26-11-2025 23:51,112.5,112.5,52.17,11.72,0.07686654843981233
227,26-11-2025 23:51,112.5,112.5,52.17,14.06,0.11841393714054727
228,26-11-2025 23:51,112.5,112.5,52.17,11.72,0.07686654843981233
229,26-11-2025 23:51,112.5,112.5,52.17,14.06,0.11841393714054727
230,26-11-2025 23:51,113.6719,113.6719,52.17,11.72,0.08887254880026108
231,26-11-2025 23:51,113.6719,113.6719,52.17,14.06,0.130419937500996
232,26-11-2025 23:51,113.6719,113.6719,100.0,14.06,0.2976581264210474
233,26-11-2025 23:51,113.6719,113.6719,100.0,14.06,0.2976581264210474
234,26-11-2025 23:51,113.6719,113.6719,100.0,11.72,0.2561107377203127
235,26-11-2025 23:51,101.9531,101.9531,100.0,14.06,0.17760017179691023
236,26-11-2025 23:51,101.9531,101.9531,100.0,11.72,0.1360527830961753
237,26-11-2025 23:51,101.9531,101.9531,100.0,14.06,0.17760017179691023
238,26-11-2025 23:52,101.9531,101.9531,100.0,11.72,0.1360527830961753
239,26-11-2025 23:52,101.9531,101.9531,100.0,14.06,0.17760017179691023
240,27-11-2025 00:00,198.0469,92.5781,100.0,7.03,0.5438121964113172
241,27-11-2025 00:00,198.0469,87.8906,100.0,9.38,0.5636064908478122
242,27-11-2025 00:00,198.0469,87.8906,100.0,11.72,0.6051538795485472
243,27-11-2025 00:00,198.0469,87.8906,100.0,14.06,0.6467012682492821
244,27-11-2025 00:00,198.0469,87.8906,50.0,14.06,0.4718756473836627
245,27-11-2025 00:00,198.0469,87.8906,50.0,14.06,0.4718756473836627
246,27-11-2025 00:00,205.0781,87.8906,50.0,16.41,0.5527388053257016
247,27-11-2025 00:00,205.0781,87.8906,50.0,14.06,0.5110138636818011
248,27-11-2025 00:01,205.0781,87.8906,50.0,16.41,0.5527388053257016
249,27-11-2025 00:01,205.0781,87.8906,50.0,14.06,0.5110138636818011
250,27-11-2025 00:01,205.0781,87.8906,50.0,11.72,0.469466474981066
251,27-11-2025 00:01,205.0781,87.8906,50.0,14.06,0.5110138636818011
252,27-11-2025 00:01,205.0781,87.8906,54.55,14.06,0.5269229951805725
253,27-11-2025 00:01,205.0781,87.8906,54.55,14.06,0.5269229951805725
254,27-11-2025 00:01,162.8906,87.8906,50.0,11.72,0.23463550728313276
255,27-11-2025 00:01,162.8906,87.8906,50.0,14.06,0.2761828959838677
256,27-11-2025 00:01,162.8906,87.8906,50.0,14.06,0.2761828959838677
257,27-11-2025 00:01,161.7188,90.2344,50.0,11.72,0.23907839985496104
258,27-11-2025 00:01,161.7188,90.2344,50.0,14.06,0.280625788555696
259,27-11-2025 00:01,161.7188,90.2344,50.0,16.41,0.3223507301995965
260,27-11-2025 00:01,161.7188,90.2344,50.0,14.06,0.280625788555696
261,27-11-2025 00:01,161.7188,87.8906,50.0,14.06,0.26966023102508974
262,27-11-2025 00:01,161.7188,86.7188,50.0,16.41,0.3059028617574946
263,27-11-2025 00:01,161.7188,86.7188,50.0,14.06,0.2641779201135941
264,27-11-2025 00:02,94.9219,0.0,133.33,7.03,-0.3468104644751877
265,27-11-2025 00:02,94.9219,8.2031,133.33,9.38,-0.26670700718178
266,27-11-2025 00:03,94.9219,46.875,133.33,11.72,-0.04423166205650031
267,27-11-2025 00:03,94.9219,46.875,133.33,11.72,-0.04423166205650031
268,27-11-2025 00:03,131.25,217.9688,133.33,14.06,1.0
269,27-11-2025 00:03,131.25,46.875,133.33,16.41,0.24125608464670778
270,27-11-2025 00:03,131.25,46.875,133.33,14.06,0.19953114300280728
271,27-11-2025 00:03,131.25,46.875,133.33,16.41,0.24125608464670778
272,27-11-2025 00:03,131.25,46.875,133.33,14.06,0.19953114300280728
273,27-11-2025 00:03,131.25,46.875,50.0,14.06,-0.09183323673183397
274,27-11-2025 00:03,160.5469,46.875,50.0,11.72,0.029696574627865457
275,27-11-2025 00:03,174.6094,87.8906,50.0,14.06,0.3414139986625886
276,27-11-2025 00:03,174.6094,87.8906,54.55,14.06,0.35732313016135997
277,27-11-2025 00:03,130.0781,70.3125,66.67,14.06,0.06958363970664383
278,27-11-2025 00:03,130.0781,70.3125,66.67,14.06,0.06958363970664383
279,27-11-2025 00:03,133.5938,70.3125,66.67,16.41,0.1308782461359812
280,27-11-2025 00:03,133.5938,50.3906,66.67,14.06,-0.0040520631028430065
281,27-11-2025 00:03,133.5938,50.3906,66.67,14.06,-0.0040520631028430065
282,27-11-2025 00:03,134.7656,53.9062,63.16,14.06,0.00664571171327033
283,27-11-2025 00:03,134.7656,53.9062,63.16,14.06,0.00664571171327033
284,27-11-2025 00:03,133.5938,55.0781,63.16,16.41,0.04733076716369622
285,27-11-2025 00:03,133.5938,55.0781,63.16,14.06,0.005605825519795715
286,27-11-2025 00:03,133.5938,66.7969,60.0,14.06,0.04938369822650501
287,27-11-2025 00:03,134.7656,65.625,60.0,16.41,0.09214852606388035
288,27-11-2025 00:03,134.7656,65.625,60.0,14.06,0.05042358441997985
289,27-11-2025 00:03,134.7656,65.625,60.0,14.06,0.05042358441997985
290,27-11-2025 00:03,134.7656,65.625,60.0,14.06,0.05042358441997985
291,27-11-2025 00:03,134.7656,51.5625,60.0,14.06,-0.015368357202235727
292,27-11-2025 00:03,134.7656,65.625,60.0,11.72,0.008876195719244917
293,27-11-2025 00:03,134.7656,65.625,60.0,14.06,0.05042358441997985
294,27-11-2025 00:03,134.7656,65.625,60.0,11.72,0.008876195719244917
295,27-11-2025 00:03,134.7656,65.625,60.0,14.06,0.05042358441997985
296,27-11-2025 00:03,134.7656,65.625,60.0,16.41,0.09214852606388035
297,27-11-2025 00:03,134.7656,65.625,60.0,14.06,0.05042358441997985
298,27-11-2025 00:05,186.3281,49.2188,57.14,7.03,0.12586243574844436
299,27-11-2025 00:05,188.6719,51.5625,57.14,7.03,0.1498739686155346
300,27-11-2025 00:05,182.8125,53.9062,57.14,7.03,0.12822350695297335
301,27-11-2025 00:05,182.8125,53.9062,54.55,7.03,0.11916753979213413
302,27-11-2025 00:05,182.8125,79.6875,54.55,9.38,0.2815112750036666
303,27-11-2025 00:05,114.8438,79.6875,54.55,9.38,-0.09682722796926402
304,27-11-2025 00:05,114.8438,57.4219,54.55,11.72,-0.159450296540252
305,27-11-2025 00:05,114.8438,57.4219,54.55,14.06,-0.11790290783951707
306,27-11-2025 00:05,114.8438,57.4219,60.0,14.06,-0.09884691516516442
307,27-11-2025 00:05,114.8438,57.4219,60.0,14.06,-0.09884691516516442
308,27-11-2025 00:05,118.3594,59.7656,60.0,16.41,-0.02658777569539572
309,27-11-2025 00:05,118.3594,59.7656,60.0,14.06,-0.06831271733929623
310,27-11-2025 00:05,118.3594,59.7656,63.16,14.06,-0.05726373810058916
311,27-11-2025 00:05,118.3594,59.7656,63.16,14.06,-0.05726373810058916
312,27-11-2025 00:05,169.9219,63.2812,66.67,14.06,0.2584725161126422
313,27-11-2025 00:05,169.9219,64.4531,66.67,16.41,0.30568023652184584
314,27-11-2025 00:05,144.1406,64.4531,66.67,14.06,0.12044720296657996
315,27-11-2025 00:05,144.1406,64.4531,66.67,14.06,0.12044720296657996
316,27-11-2025 00:05,119.5312,64.4531,66.67,11.72,-0.058085056050374506
317,27-11-2025 00:05,119.5312,64.4531,66.67,14.06,-0.016537667349639573
318,27-11-2025 00:05,119.5312,64.4531,66.67,11.72,-0.058085056050374506
319,27-11-2025 00:05,119.5312,64.4531,66.67,14.06,-0.016537667349639573
320,27-11-2025 00:05,119.5312,66.7969,66.67,11.72,-0.04711949851976849
321,27-11-2025 00:05,119.5312,66.7969,66.67,14.06,-0.005572109819033666
322,27-11-2025 00:05,119.5312,66.7969,66.67,14.06,-0.005572109819033666
323,27-11-2025 00:05,212.1094,67.9688,63.16,14.06,0.5029618402870213
324,27-11-2025 00:05,108.9844,73.8281,63.16,11.72,-0.08520384466753816
325,27-11-2025 00:05,108.9844,73.8281,63.16,14.06,-0.04365645596680323
326,27-11-2025 00:05,108.9844,67.9688,63.16,11.72,-0.11261680278643926
327,27-11-2025 00:05,108.9844,67.9688,63.16,14.06,-0.07106941408570433
328,27-11-2025 00:05,108.9844,67.9688,63.16,11.72,-0.11261680278643926
329,27-11-2025 00:06,198.0469,46.875,63.16,7.03,0.20117698564877973
330,27-11-2025 00:06,198.0469,9.375,109.09,7.03,0.18632662331669625
331,27-11-2025 00:06,198.0469,9.375,109.09,7.03,0.18632662331669625
332,27-11-2025 00:06,198.0469,9.375,109.09,9.38,0.22805156496059675
333,27-11-2025 00:06,196.875,75.0,109.09,11.72,0.5701047929698586
334,27-11-2025 00:06,196.875,75.0,109.09,14.06,0.6116521816705935
335,27-11-2025 00:06,196.875,75.0,109.09,11.72,0.5701047929698586
336,27-11-2025 00:06,196.875,75.0,109.09,14.06,0.6116521816705935
337,27-11-2025 00:07,196.875,75.0,109.09,11.72,0.5701047929698586
338,27-11-2025 00:07,196.875,75.0,66.67,11.72,0.4217827362274671
339,27-11-2025 00:07,196.875,75.0,66.67,11.72,0.4217827362274671
340,27-11-2025 00:07,114.8438,75.0,66.67,14.06,0.006714632722626845
341,27-11-2025 00:07,114.8438,75.0,66.67,11.72,-0.034832755978107977
342,27-11-2025 00:07,114.8438,75.0,52.17,11.72,-0.0855321860291377
343,27-11-2025 00:07,114.8438,75.0,52.17,11.72,-0.0855321860291377
344,27-11-2025 00:07,118.3594,66.7969,52.17,14.06,-0.06279420482884102
345,27-11-2025 00:07,118.3594,66.7969,52.17,11.72,-0.10434159352957595
346,27-11-2025 00:07,118.3594,51.5625,52.17,14.06,-0.1340689252163596
347,27-11-2025 00:07,118.3594,51.5625,52.17,11.72,-0.17561631391709454
348,27-11-2025 00:07,118.3594,50.3906,52.17,14.06,-0.1395517039816626
349,27-11-2025 00:07,118.3594,50.3906,52.17,11.72,-0.18109909268239766
350,27-11-2025 00:07,118.3594,50.3906,52.17,14.06,-0.1395517039816626
351,27-11-2025 00:07,118.3594,50.3906,52.17,16.41,-0.09782676233776222
352,27-11-2025 00:07,118.3594,50.3906,52.17,14.06,-0.1395517039816626
353,27-11-2025 00:07,119.5312,50.3906,52.17,16.41,-0.09130409737898437
354,27-11-2025 00:07,119.5312,50.3906,52.17,14.06,-0.13302903902288477
355,27-11-2025 00:07,121.875,51.5625,52.17,16.41,-0.07277487542339
356,27-11-2025 00:11,169.9219,77.3438,60.0,7.03,0.17612346871982076
357,27-11-2025 00:11,128.9062,78.5156,60.0,9.38,-0.004977581463938008
358,27-11-2025 00:11,220.3125,91.4062,60.0,11.72,0.6056796784240823
359,27-11-2025 00:11,220.3125,91.4062,80.0,11.72,0.6756099267703299
360,27-11-2025 00:11,107.8125,79.6875,60.0,11.72,-0.07536261952868273
361,27-11-2025 00:11,107.8125,79.6875,60.0,11.72,-0.07536261952868273
362,27-11-2025 00:11,99.6094,57.4219,60.0,14.06,-0.18364712599295452
363,27-11-2025 00:11,99.6094,58.5938,60.0,14.06,-0.1781643472276515
364,27-11-2025 00:11,99.6094,58.5938,60.0,11.72,-0.21971173592838644
365,27-11-2025 00:11,99.6094,58.5938,57.14,11.72,-0.22971176144189998
366,27-11-2025 00:11,99.6094,58.5938,57.14,14.06,-0.18816437274116504
367,27-11-2025 00:11,99.6094,58.5938,57.14,14.06,-0.18816437274116504
368,27-11-2025 00:11,100.7812,64.4531,70.59,14.06,-0.10720065765063436
369,27-11-2025 00:11,100.7812,64.4531,70.59,16.41,-0.06547571600673385
370,27-11-2025 00:11,100.7812,64.4531,70.59,14.06,-0.10720065765063436
371,27-11-2025 00:11,96.0938,64.4531,70.59,14.06,-0.1332924307584813
372,27-11-2025 00:11,98.4375,65.625,70.59,16.41,-0.0730388237953542
373,27-11-2025 00:11,98.4375,65.625,70.59,14.06,-0.1147637654392547
374,27-11-2025 00:11,98.4375,65.625,66.67,14.06,-0.12847009411511934
375,27-11-2025 00:11,99.6094,65.625,66.67,11.72,-0.16349426122070865
376,27-11-2025 00:11,99.6094,65.625,66.67,14.06,-0.12194687251997371
377,27-11-2025 00:11,99.6094,65.625,66.67,14.06,-0.12194687251997371
378,27-11-2025 00:11,99.6094,66.7969,66.67,11.72,-0.15801148245540564
379,27-11-2025 00:11,98.4375,66.7969,66.67,14.06,-0.12298731534981622
380,27-11-2025 00:11,121.875,66.7969,63.16,14.06,-0.004798425213508706
381,27-11-2025 00:11,121.875,66.7969,63.16,16.41,0.0369265164303918
382,27-11-2025 00:11,121.875,66.7969,63.16,16.41,0.0369265164303918
383,27-11-2025 00:11,121.875,51.5625,66.67,16.41,-0.02207544537236028
384,27-11-2025 00:11,121.875,51.5625,66.67,14.06,-0.06380038701626078
385,27-11-2025 00:11,121.875,51.5625,66.67,14.06,-0.06380038701626078
386,27-11-2025 00:11,121.875,57.4219,66.67,16.41,0.005337980600347958
387,27-11-2025 00:11,98.4375,57.4219,66.67,14.06,-0.16684860976462657
388,27-11-2025 00:11,98.4375,57.4219,66.67,16.41,-0.12512366812072606
389,27-11-2025 00:11,98.4375,57.4219,66.67,14.06,-0.16684860976462657
390,27-11-2025 00:11,98.4375,57.4219,66.67,11.72,-0.2083959984653615
391,27-11-2025 14:00,94.9219,46.875,133.33,7.03,-0.12750399240113575
392,27-11-2025 14:00,94.9219,46.875,100.0,7.03,-0.24404275127015762
393,27-11-2025 14:00,94.9219,46.875,100.0,7.03,-0.24404275127015762
394,27-11-2025 14:00,94.9219,86.7188,100.0,9.38,-0.015907074436409707
395,27-11-2025 14:00,94.9219,86.7188,80.0,9.38,-0.08583732278265743
396,27-11-2025 14:00,94.9219,86.7188,80.0,9.38,-0.08583732278265743
397,27-11-2025 14:00,159.375,85.5469,80.0,9.38,0.26744929327590117
398,27-11-2025 14:00,144.1406,83.2031,80.0,11.72,0.21323091361823998
399,27-11-2025 14:00,144.1406,83.2031,80.0,11.72,0.21323091361823998
400,27-11-2025 14:00,139.4531,83.2031,80.0,11.72,0.18713858387402516
401,27-11-2025 14:00,168.75,80.8594,80.0,14.06,0.3807980829583957
402,27-11-2025 14:00,168.75,80.8594,75.0,14.06,0.3633155208718337
403,27-11-2025 14:00,168.75,80.8594,75.0,14.06,0.3633155208718337
404,27-11-2025 14:00,168.75,85.5469,75.0,11.72,0.343698779378504
405,27-11-2025 14:00,168.75,85.5469,70.59,11.72,0.32827915961815624
406,27-11-2025 14:00,168.75,59.7656,70.59,11.72,0.2076603660505243
407,27-11-2025 14:00,168.75,59.7656,70.59,14.06,0.24920775475125923
408,27-11-2025 14:00,135.9375,60.9375,70.59,11.72,0.03049683660632363
409,27-11-2025 14:00,135.9375,60.9375,66.67,11.72,0.016790507930458887
410,27-11-2025 14:00,135.9375,60.9375,66.67,14.06,0.05833789663119382
411,27-11-2025 14:00,135.9375,60.9375,66.67,14.06,0.05833789663119382
412,27-11-2025 14:00,134.7656,59.7656,66.67,11.72,0.004784507570010366
413,27-11-2025 14:00,134.7656,59.7656,63.16,11.72,-0.007488251014756253
414,27-11-2025 14:00,134.7656,59.7656,63.16,11.72,-0.007488251014756253
415,27-11-2025 14:00,134.7656,59.7656,63.16,14.06,0.03405913768597868
416,27-11-2025 14:00,134.7656,59.7656,54.55,14.06,0.003954165772919183
417,27-11-2025 14:00,134.7656,59.7656,54.55,14.06,0.003954165772919183
418,27-11-2025 14:00,166.4062,59.7656,52.17,14.06,0.17175555283407373
419,27-11-2025 14:00,166.4062,59.7656,52.17,11.72,0.1302081641333388
420,27-11-2025 14:00,96.0938,58.5938,52.17,14.06,-0.22511114760427664
421,27-11-2025 14:00,96.0938,58.5938,52.17,14.06,-0.22511114760427664
422,27-11-2025 14:00,166.4062,58.5938,52.17,11.72,0.12472585322184271
423,27-11-2025 14:00,166.4062,58.5938,52.17,14.06,0.16627324192257764
424,27-11-2025 14:00,104.2969,58.5938,54.55,14.06,-0.17112801015778922
425,27-11-2025 14:00,167.5781,57.4219,52.17,16.41,0.20903862639632065
426,27-11-2025 14:00,167.5781,57.4219,52.17,14.06,0.16731368475242014
427,27-11-2025 14:00,167.5781,57.4219,52.17,16.41,0.20903862639632065
428,27-11-2025 14:00,167.5781,57.4219,52.17,16.41,0.20903862639632065
429,27-11-2025 14:00,167.5781,57.4219,52.17,14.06,0.16731368475242014
430,27-11-2025 14:00,167.5781,57.4219,52.17,14.06,0.16731368475242014
431,27-11-2025 14:00,106.6406,57.4219,52.17,16.41,-0.13016166027847176
432,27-11-2025 14:00,106.6406,91.4062,52.17,14.06,-0.012889760559039898
433,27-11-2025 14:00,106.6406,91.4062,52.17,16.41,0.028835181084860606
434,27-11-2025 14:00,106.6406,91.4062,52.17,16.41,0.028835181084860606
435,27-11-2025 14:00,106.6406,58.5938,52.17,14.06,-0.16640382315706925
436,27-11-2025 14:06,97.2656,97.2656,109.09,7.03,0.03654077367328945
437,27-11-2025 14:06,97.2656,97.2656,133.33,7.03,0.12129623466894168
438,27-11-2025 14:06,97.2656,97.2656,133.33,7.03,0.12129623466894168
439,27-11-2025 14:06,160.5469,46.875,50.0,7.03,-0.05357575571676987
440,27-11-2025 14:06,160.5469,46.875,50.0,9.38,-0.011850814072869476
441,27-11-2025 14:06,142.9688,107.8125,50.0,9.38,0.17540150224168438
442,27-11-2025 14:06,101.9531,101.9531,57.14,9.38,-0.05535512781056873
443,27-11-2025 14:06,101.9531,101.9531,57.14,9.38,-0.05535512781056873
444,27-11-2025 14:06,101.9531,101.9531,57.14,11.72,-0.013807739109833794
445,27-11-2025 14:06,105.4688,58.5938,50.0,11.72,-0.2220613087621499
446,27-11-2025 14:06,104.2969,56.25,52.17,11.72,-0.2319626559423339
447,27-11-2025 14:06,105.4688,55.0781,50.0,11.72,-0.23850964505805905
448,27-11-2025 14:06,105.4688,55.0781,50.0,14.06,-0.19696225635732412
449,27-11-2025 14:06,105.4688,55.0781,50.0,14.06,-0.19696225635732412
450,27-11-2025 14:06,104.2969,104.2969,57.14,14.06,0.051751650311798514
451,27-11-2025 14:06,105.4688,104.2969,57.14,11.72,0.016727483206209426
452,27-11-2025 14:06,105.4688,73.8281,57.14,14.06,-0.08427456886809293
453,27-11-2025 14:06,105.4688,73.8281,54.55,14.06,-0.09333053602893193
454,27-11-2025 14:06,105.4688,73.8281,54.55,14.06,-0.09333053602893193
455,27-11-2025 14:06,106.6406,106.6406,54.55,11.72,0.025159270680947143
456,27-11-2025 14:06,106.6406,106.6406,54.55,14.06,0.06670665938168208
457,27-11-2025 14:06,106.6406,106.6406,57.14,14.06,0.0757626265425213
458,27-11-2025 14:06,106.6406,106.6406,57.14,11.72,0.03421523784178615
459,27-11-2025 14:06,106.6406,106.6406,57.14,11.72,0.03421523784178615
460,27-11-2025 14:06,105.4688,52.7344,57.14,14.06,-0.18296224737451272
461,27-11-2025 14:06,105.4688,52.7344,57.14,16.41,-0.14123730573061222
462,27-11-2025 14:06,105.4688,52.7344,57.14,14.06,-0.18296224737451272
463,27-11-2025 14:06,105.4688,52.7344,57.14,14.06,-0.18296224737451272
464,27-11-2025 14:06,105.4688,52.7344,57.14,16.41,-0.14123730573061222
465,27-11-2025 14:06,105.4688,52.7344,57.14,14.06,-0.18296224737451272
466,27-11-2025 14:06,105.4688,52.7344,57.14,14.06,-0.18296224737451272
467,27-11-2025 14:06,106.6406,53.9062,57.14,16.41,-0.1292323298603385
468,27-11-2025 14:06,106.6406,53.9062,57.14,14.06,-0.1709572715042389
469,27-11-2025 14:06,106.6406,53.9062,57.14,14.06,-0.1709572715042389
470,27-11-2025 14:06,106.6406,53.9062,57.14,16.41,-0.1292323298603385
471,27-11-2025 14:06,106.6406,60.9375,57.14,14.06,-0.13806106676622765
472,27-11-2025 14:06,106.6406,60.9375,57.14,16.41,-0.09633612512232714
473,27-11-2025 14:06,106.6406,60.9375,57.14,14.06,-0.13806106676622765
474,27-11-2025 14:06,106.6406,60.9375,57.14,16.41,-0.09633612512232714
475,27-11-2025 14:07,133.5938,119.5312,133.33,7.03,0.42768266493560514
476,27-11-2025 14:07,133.5938,119.5312,133.33,9.38,0.46940760657950564
477,27-11-2025 14:07,133.5938,119.5312,60.0,9.38,0.2130083510179881
478,27-11-2025 14:07,133.5938,119.5312,60.0,9.38,0.2130083510179881
479,27-11-2025 14:07,140.625,64.4531,60.0,11.72,0.03600896829330247
480,27-11-2025 14:07,173.4375,84.375,60.0,11.72,0.31186064409772984
481,27-11-2025 14:07,178.125,113.6719,60.0,11.72,0.4750196358516787
482,27-11-2025 14:07,175.7812,113.6719,60.0,14.06,0.5035205813621224
483,27-11-2025 14:07,111.3281,75.0,60.0,16.41,0.005548171757616904
484,27-11-2025 14:07,111.3281,75.0,60.0,14.06,-0.03617676988628371
485,27-11-2025 14:07,111.3281,75.0,60.0,14.06,-0.03617676988628371
486,27-11-2025 14:07,113.6719,113.6719,60.0,16.41,0.19952257137245244
487,27-11-2025 14:07,113.6719,113.6719,60.0,14.06,0.15779762972855194
488,27-11-2025 14:07,113.6719,113.6719,60.0,14.06,0.15779762972855194
489,27-11-2025 14:07,113.6719,113.6719,60.0,16.41,0.19952257137245244
490,27-11-2025 14:07,137.1094,114.8438,60.0,14.06,0.2937420572149292
491,27-11-2025 14:07,137.1094,114.8438,63.16,14.06,0.30479103645363637
492,27-11-2025 14:07,137.1094,114.8438,63.16,16.41,0.34651597809753687
493,27-11-2025 14:07,137.1094,116.0156,63.16,14.06,0.31027334736513223
494,27-11-2025 14:07,137.1094,116.0156,60.0,14.06,0.29922436812642506
495,27-11-2025 14:07,137.1094,116.0156,60.0,14.06,0.29922436812642506
496,27-11-2025 14:07,116.0156,116.0156,60.0,16.41,0.223533547603175
497,27-11-2025 14:07,116.0156,116.0156,60.0,14.06,0.1818086059592745
498,27-11-2025 14:07,116.0156,116.0156,60.0,14.06,0.1818086059592745
499,27-11-2025 14:07,114.8438,114.8438,60.0,11.72,0.12825624138826597
500,27-11-2025 14:07,114.8438,114.8438,60.0,14.06,0.1698036300890009
501,27-11-2025 14:07,114.8438,114.8438,60.0,14.06,0.1698036300890009
502,27-11-2025 14:07,138.2812,114.8438,60.0,16.41,0.3419896638176074
503,27-11-2025 14:07,138.2812,114.8438,63.16,16.41,0.3530386430563146
504,27-11-2025 14:07,138.2812,114.8438,63.16,14.06,0.3113137014124141
505,27-11-2025 14:07,114.8438,114.8438,63.16,16.41,0.22257755097160836
506,27-11-2025 14:07,114.8438,114.8438,63.16,14.06,0.18085260932770808
507,27-11-2025 14:08,114.8438,114.8438,63.16,16.41,0.22257755097160836
508,27-11-2025 14:08,114.8438,114.8438,63.16,14.06,0.18085260932770808
509,27-11-2025 14:09,125.3906,119.5312,120.0,7.03,0.3354121598831794
510,27-11-2025 14:09,125.3906,119.5312,80.0,7.03,0.19555166319068373
511,27-11-2025 14:09,125.3906,119.5312,80.0,9.38,0.23727660483458424
512,27-11-2025 14:09,234.375,82.0312,80.0,9.38,0.6684782328874288
513,27-11-2025 14:09,153.5156,72.6562,75.0,9.38,0.15704154913925916
514,27-11-2025 14:09,153.5156,72.6562,75.0,11.72,0.1985889378399941
515,27-11-2025 14:09,153.5156,72.6562,75.0,11.72,0.1985889378399941
516,27-11-2025 14:09,151.1719,65.625,52.17,11.72,0.07282193591462471
517,27-11-2025 14:09,151.1719,65.625,52.17,11.72,0.07282193591462471
518,27-11-2025 14:09,152.3438,63.2812,52.17,14.06,0.10992698867989903
519,27-11-2025 14:09,208.5938,66.7969,52.17,16.41,0.48120822355028636
520,27-11-2025 14:09,208.5938,66.7969,52.17,14.06,0.43948328190638586
521,27-11-2025 14:09,208.5938,66.7969,52.17,14.06,0.43948328190638586
522,27-11-2025 14:09,148.8281,62.1094,50.0,14.06,0.0772875810373983
523,27-11-2025 14:09,148.8281,62.1094,50.0,14.06,0.0772875810373983
524,27-11-2025 14:09,150.0,92.5781,50.0,16.41,0.2680847171976748
525,27-11-2025 14:09,150.0,92.5781,50.0,14.06,0.2263597755537743
526,27-11-2025 14:09,150.0,92.5781,50.0,16.41,0.2680847171976748
527,27-11-2025 14:09,150.0,92.5781,50.0,14.06,0.2263597755537743
528,27-11-2025 14:09,148.8281,92.5781,70.59,14.06,0.2918297446310907
529,27-11-2025 14:09,148.8281,92.5781,70.59,14.06,0.2918297446310907
530,27-11-2025 14:09,120.7031,84.375,70.59,11.72,0.055349861815559454
531,27-11-2025 14:09,120.7031,84.375,70.59,14.06,0.09689725051629439
532,27-11-2025 14:09,120.7031,84.375,52.17,14.06,0.03249149178940014
533,27-11-2025 14:09,120.7031,84.375,52.17,14.06,0.03249149178940014
534,27-11-2025 14:09,120.7031,70.3125,50.0,14.06,-0.040887881778383206
535,27-11-2025 14:09,108.9844,83.2031,52.17,14.06,-0.03822183301825588
536,27-11-2025 14:09,108.9844,83.2031,52.17,11.72,-0.07976922171899081
537,27-11-2025 14:09,108.9844,83.2031,52.17,14.06,-0.03822183301825588
538,27-11-2025 14:09,108.9844,56.25,52.17,11.72,-0.20587032619811896
539,27-11-2025 14:09,108.9844,56.25,52.17,14.06,-0.16432293749738403
540,27-11-2025 14:09,108.9844,56.25,52.17,11.72,-0.20587032619811896
541,27-11-2025 14:09,108.9844,56.25,52.17,14.06,-0.16432293749738403
542,27-11-2025 14:09,108.9844,108.9844,54.55,11.72,0.04917127140184463
543,27-11-2025 14:09,108.9844,108.9844,54.55,14.06,0.09071866010257956
544,27-11-2025 14:17,118.3594,118.3594,57.14,7.03,0.07100086212128831
545,27-11-2025 14:17,110.1562,110.1562,120.0,7.03,0.20675065464057862
546,27-11-2025 14:17,110.1562,110.1562,120.0,7.03,0.20675065464057862
547,27-11-2025 14:17,111.3281,111.3281,120.0,9.38,0.2604815966449281
548,27-11-2025 14:17,111.3281,111.3281,120.0,11.72,0.302028985345663
549,27-11-2025 14:17,111.3281,111.3281,57.14,11.72,0.0822382147934062
550,27-11-2025 14:17,111.3281,111.3281,57.14,11.72,0.0822382147934062
551,27-11-2025 14:17,106.6406,106.6406,57.14,11.72,0.03421523784178615
552,27-11-2025 14:17,105.4688,105.4688,57.14,14.06,0.06375765067224748
553,27-11-2025 14:17,105.4688,105.4688,57.14,14.06,0.06375765067224748
554,27-11-2025 14:17,105.4688,48.0469,57.14,14.06,-0.20489289458191795
555,27-11-2025 14:17,105.4688,48.0469,57.14,11.72,-0.24644028328265288
556,27-11-2025 14:17,105.4688,48.0469,57.14,14.06,-0.20489289458191795
557,27-11-2025 14:17,104.2969,49.2188,57.14,11.72,-0.2474807261124955
558,27-11-2025 14:17,104.2969,49.2188,57.14,14.06,-0.20593333741176045
559,27-11-2025 14:17,105.4688,49.2188,57.14,11.72,-0.24095750451734976
560,27-11-2025 14:17,105.4688,49.2188,57.14,14.06,-0.19941011581661472
561,27-11-2025 14:17,105.4688,50.3906,57.14,14.06,-0.19392780490511885
562,27-11-2025 14:17,105.4688,50.3906,57.14,14.06,-0.19392780490511885
563,27-11-2025 14:17,104.2969,49.2188,57.14,11.72,-0.2474807261124955
564,27-11-2025 14:17,104.2969,49.2188,57.14,14.06,-0.20593333741176045
565,27-11-2025 14:17,104.2969,50.3906,57.14,16.41,-0.15872608485636408
566,27-11-2025 14:17,104.2969,50.3906,60.0,16.41,-0.14872605934285066
567,27-11-2025 14:17,104.2969,50.3906,60.0,14.06,-0.19045100098675116
568,27-11-2025 14:17,104.2969,50.3906,60.0,14.06,-0.19045100098675116
569,27-11-2025 14:17,104.2969,50.3906,60.0,16.41,-0.14872605934285066
570,27-11-2025 14:17,103.125,50.3906,60.0,14.06,-0.19697422258189679
571,27-11-2025 14:17,103.125,50.3906,60.0,16.41,-0.15524928093799628
572,27-11-2025 14:17,103.125,51.5625,60.0,14.06,-0.19149144381659366
573,27-11-2025 14:17,103.125,51.5625,60.0,16.41,-0.14976650217269316
574,27-11-2025 14:17,191.0156,49.2188,60.0,14.06,0.28677451005154286
575,27-11-2025 14:17,191.0156,49.2188,60.0,16.41,0.32849945169544337
576,27-11-2025 14:19,116.0156,86.7188,109.09,7.03,0.0915664873238422
577,27-11-2025 14:19,116.0156,86.7188,80.0,7.03,-0.010147058895775163
578,27-11-2025 14:19,116.0156,86.7188,80.0,7.03,-0.010147058895775163
579,27-11-2025 14:19,235.5469,86.7188,80.0,9.38,0.6969325695437869
580,27-11-2025 14:19,235.5469,84.375,66.67,9.38,0.6393585014904066
581,27-11-2025 14:19,235.5469,84.375,66.67,9.38,0.6393585014904066
582,27-11-2025 14:19,146.4844,80.8594,66.67,11.72,0.1687037566089582
583,27-11-2025 14:19,146.4844,80.8594,63.16,11.72,0.15643099802419158
584,27-11-2025 14:19,146.4844,80.8594,63.16,11.72,0.15643099802419158
585,27-11-2025 14:19,185.1562,59.7656,63.16,14.06,0.3145515432771959
586,27-11-2025 14:19,185.1562,56.25,50.0,14.06,0.25208957142326294
587,27-11-2025 14:19,185.1562,55.0781,50.0,14.06,0.2466067926579596
588,27-11-2025 14:19,183.9844,52.7344,50.0,16.41,0.2708439796662834
589,27-11-2025 14:19,183.9844,52.7344,50.0,14.06,0.22911903802238287
590,27-11-2025 14:19,185.1562,52.7344,50.0,14.06,0.2356417029811606
591,27-11-2025 14:19,185.1562,53.9062,50.0,11.72,0.19957662519192176
592,27-11-2025 14:19,185.1562,53.9062,50.0,14.06,0.2411240138926567
593,27-11-2025 14:19,185.1562,53.9062,50.0,14.06,0.2411240138926567
594,27-11-2025 14:19,186.3281,51.5625,50.0,14.06,0.23668214581100333
595,27-11-2025 14:19,186.3281,50.3906,50.0,11.72,0.18965197834496528
596,27-11-2025 14:19,99.6094,51.5625,50.0,14.06,-0.2460256761387868
597,27-11-2025 14:19,195.7031,52.7344,50.0,14.06,0.2943495840647361
598,27-11-2025 14:19,195.7031,52.7344,50.0,11.72,0.25280219536400117
599,27-11-2025 14:19,112.5,65.625,50.0,14.06,-0.10847996687907235
600,27-11-2025 14:19,96.0938,65.625,50.0,11.72,-0.24135023136637535
601,27-11-2025 14:19,183.9844,65.625,50.0,14.06,0.28942820087929544
602,27-11-2025 14:20,183.9844,65.625,50.0,14.06,0.28942820087929544
603,27-11-2025 14:20,183.9844,94.9219,50.0,11.72,0.38494747418829456
604,27-11-2025 14:20,183.9844,94.9219,50.0,14.06,0.4264948628890295
605,27-11-2025 14:20,183.9844,94.9219,50.0,11.72,0.38494747418829456
606,27-11-2025 14:20,183.9844,94.9219,50.0,14.06,0.4264948628890295
607,27-11-2025 14:20,100.7812,94.9219,50.0,14.06,-0.0366444075480592
608,27-11-2025 14:20,96.0938,96.0938,50.0,14.06,-0.05725340189060313
609,27-11-2025 14:21,141.7969,119.5312,70.59,7.03,0.25397291376670994
610,27-11-2025 14:21,141.7969,119.5312,70.59,9.38,0.29569785541061044
611,27-11-2025 14:21,141.7969,119.5312,75.0,9.38,0.311117475170958
612,27-11-2025 14:21,141.7969,119.5312,75.0,9.38,0.311117475170958
613,27-11-2025 14:21,151.1719,80.8594,50.0,9.38,0.09496183565584038
614,27-11-2025 14:21,151.1719,80.8594,50.0,9.38,0.09496183565584038
615,27-11-2025 14:21,150.0,85.5469,50.0,11.72,0.15191664996883492
616,27-11-2025 14:21,150.0,85.5469,50.0,14.06,0.19346403866956985
617,27-11-2025 14:21,152.3438,84.375,50.0,16.41,0.24275264473845848
618,27-11-2025 14:21,152.3438,48.0469,50.0,16.41,0.07279024584452021
619,27-11-2025 14:21,152.3438,86.7188,50.0,14.06,0.21199326062516421
620,27-11-2025 14:21,151.1719,86.7188,50.0,14.06,0.20547003903001881
621,27-11-2025 14:21,151.1719,86.7188,50.0,16.41,0.24719498067391932
622,27-11-2025 14:21,153.5156,89.0625,50.0,14.06,0.22948101526074116
623,27-11-2025 14:21,153.5156,89.0625,50.0,14.06,0.22948101526074116
624,27-11-2025 14:21,153.5156,89.0625,50.0,16.41,0.27120595690464167
625,27-11-2025 14:21,152.3438,49.2188,50.0,14.06,0.03654808296592282
626,27-11-2025 14:21,151.1719,49.2188,50.0,16.41,0.0717498030146777
627,27-11-2025 14:21,151.1719,49.2188,50.0,14.06,0.0300248613707772
628,27-11-2025 14:21,151.1719,49.2188,50.0,11.72,-0.011522527329957732
629,27-11-2025 14:21,138.2812,49.2188,50.0,14.06,-0.04172946290308943
630,27-11-2025 14:21,138.2812,49.2188,50.0,11.72,-0.08327685160382448
631,27-11-2025 14:21,138.2812,49.2188,50.0,14.06,-0.04172946290308943
632,27-11-2025 14:21,138.2812,49.2188,50.0,14.06,-0.04172946290308943
633,27-11-2025 14:21,138.2812,50.3906,50.0,11.72,-0.0777945406923285
634,27-11-2025 14:21,138.2812,50.3906,50.0,14.06,-0.03624715199159356
635,27-11-2025 14:21,150.0,50.3906,50.0,11.72,-0.012563438013607486
636,27-11-2025 14:21,150.0,50.3906,50.0,14.06,0.028983950687127447
637,27-11-2025 14:21,104.2969,50.3906,50.0,16.41,-0.18369118351597458
638,27-11-2025 14:21,104.2969,50.3906,50.0,14.06,-0.22541612515987508
639,27-11-2025 14:22,103.125,51.5625,50.0,16.41,-0.1847316263458172
640,27-11-2025 14:22,103.125,51.5625,50.0,14.06,-0.2264565679897177
641,27-11-2025 14:23,201.5625,119.5312,133.33,7.03,0.8060211679085361
642,27-11-2025 14:23,201.5625,119.5312,133.33,9.38,0.8477461095524366
643,27-11-2025 14:23,201.5625,119.5312,85.71,9.38,0.6812421882400208
644,27-11-2025 14:23,201.5625,119.5312,85.71,9.38,0.6812421882400208
645,27-11-2025 14:23,165.2344,67.9688,50.0,9.38,0.11292966203157251
646,27-11-2025 14:23,165.2344,67.9688,50.0,9.38,0.11292966203157251
647,27-11-2025 14:23,142.9688,93.75,50.0,11.72,0.15115694932020385
648,27-11-2025 14:23,142.9688,93.75,50.0,11.72,0.15115694932020385
649,27-11-2025 14:23,100.7812,100.7812,50.0,11.72,-0.05077883812989292
650,27-11-2025 14:23,99.6094,99.6094,50.0,14.06,-0.021236425299431927
651,27-11-2025 14:23,99.6094,99.6094,50.0,14.06,-0.021236425299431927
652,27-11-2025 14:23,98.4375,98.4375,50.0,14.06,-0.03324242565988056
653,27-11-2025 14:23,98.4375,98.4375,50.0,11.72,-0.07478981436061549
654,27-11-2025 14:23,99.6094,99.6094,50.0,14.06,-0.021236425299431927
655,27-11-2025 14:23,99.6094,99.6094,50.0,16.41,0.020488516344468577
656,27-11-2025 14:23,100.7812,100.7812,50.0,14.06,-0.00923144942915799
657,27-11-2025 14:23,100.7812,100.7812,50.0,14.06,-0.00923144942915799
658,27-11-2025 14:23,99.6094,99.6094,50.0,14.06,-0.021236425299431927
659,27-11-2025 14:23,99.6094,99.6094,50.0,14.06,-0.021236425299431927
660,27-11-2025 14:23,99.6094,99.6094,50.0,14.06,-0.021236425299431927
661,27-11-2025 14:23,99.6094,99.6094,50.0,11.72,-0.06278381400016686
662,27-11-2025 14:23,99.6094,99.6094,50.0,14.06,-0.021236425299431927
663,27-11-2025 14:23,100.7812,100.7812,50.0,14.06,-0.00923144942915799
664,27-11-2025 14:23,100.7812,100.7812,50.0,11.72,-0.05077883812989292
665,27-11-2025 14:23,100.7812,100.7812,50.0,14.06,-0.00923144942915799
666,27-11-2025 14:23,100.7812,100.7812,85.71,14.06,0.11562900899306738
667,27-11-2025 14:23,100.7812,100.7812,85.71,14.06,0.11562900899306738
668,27-11-2025 14:23,99.6094,99.6094,85.71,16.41,0.14534897476669384
669,27-11-2025 14:23,99.6094,99.6094,85.71,16.41,0.14534897476669384
670,27-11-2025 14:23,99.6094,99.6094,85.71,14.06,0.10362403312279334
671,27-11-2025 14:23,100.7812,100.7812,85.71,16.41,0.1573539506369679
672,27-11-2025 14:23,100.7812,100.7812,85.71,14.06,0.11562900899306738
673,27-11-2025 14:24,94.9219,8.2031,133.33,7.03,-0.3084319488256805
674,27-11-2025 14:24,94.9219,8.2031,60.0,7.03,-0.5648312043871979
675,27-11-2025 14:24,94.9219,8.2031,60.0,7.03,-0.5648312043871979
676,27-11-2025 14:25,169.9219,8.2031,63.16,7.03,-0.13630494924105385
677,27-11-2025 14:25,169.9219,8.2031,63.16,7.03,-0.13630494924105385
678,27-11-2025 14:25,191.0156,53.9062,63.16,9.38,0.23665889124237816
679,27-11-2025 14:25,191.0156,53.9062,60.0,9.38,0.2256099120036712
680,27-11-2025 14:25,191.0156,53.9062,60.0,9.38,0.2256099120036712
681,27-11-2025 14:25,183.9844,55.0781,60.0,11.72,0.23350186317157084
682,27-11-2025 14:25,183.9844,55.0781,60.0,11.72,0.23350186317157084
683,27-11-2025 14:25,168.75,52.7344,54.55,11.72,0.11868056999262921
684,27-11-2025 14:25,168.75,52.7344,54.55,11.72,0.11868056999262921
685,27-11-2025 14:25,171.0938,53.9062,54.55,14.06,0.17875671279515148
686,27-11-2025 14:25,171.0938,53.9062,54.55,11.72,0.13720932409441655
687,27-11-2025 14:25,171.0938,53.9062,54.55,11.72,0.13720932409441655
688,27-11-2025 14:25,167.5781,56.25,52.17,11.72,0.12028351728638231
689,27-11-2025 14:25,167.5781,56.25,52.17,11.72,0.12028351728638231
690,27-11-2025 14:25,147.6562,51.5625,52.17,14.06,0.02900771820770709
691,27-11-2025 14:25,147.6562,51.5625,52.17,11.72,-0.012539670493027733
692,27-11-2025 14:25,147.6562,51.5625,52.17,14.06,0.02900771820770709
693,27-11-2025 14:25,147.6562,51.5625,52.17,11.72,-0.012539670493027733
694,27-11-2025 14:25,147.6562,51.5625,52.17,14.06,0.02900771820770709
695,27-11-2025 14:25,147.6562,51.5625,54.55,14.06,0.03732941776091048
696,27-11-2025 14:25,209.7656,51.5625,54.55,11.72,0.3415055373301139
697,27-11-2025 14:25,209.7656,51.5625,54.55,14.06,0.38305292603084884
698,27-11-2025 14:25,209.7656,51.5625,54.55,11.72,0.3415055373301139
699,27-11-2025 14:25,209.7656,51.5625,52.17,11.72,0.3331838377769103
700,27-11-2025 14:25,209.7656,51.5625,52.17,14.06,0.37473122647764523
701,27-11-2025 14:25,150.0,51.5625,50.0,14.06,0.03446672945243057
702,27-11-2025 14:25,150.0,51.5625,54.55,14.06,0.05037586095120172
703,27-11-2025 14:25,150.0,51.5625,54.55,11.72,0.00882847225046679
704,27-11-2025 14:25,150.0,51.5625,54.55,11.72,0.00882847225046679
705,27-11-2025 14:25,150.0,51.5625,54.55,11.72,0.00882847225046679
706,27-11-2025 14:25,150.0,51.5625,54.55,14.06,0.05037586095120172
707,27-11-2025 14:25,133.5938,50.3906,54.55,14.06,-0.046429793600669234
708,27-11-2025 14:25,133.5938,50.3906,54.55,11.72,-0.08797718230140417
709,27-11-2025 14:25,133.5938,51.5625,54.55,14.06,-0.04094701483536611
710,27-11-2025 14:25,133.5938,51.5625,54.55,11.72,-0.08249440353610116
711,27-11-2025 14:25,134.7656,52.7344,54.55,14.06,-0.028941571111285147
712,27-11-2025 14:25,134.7656,52.7344,54.55,14.06,-0.028941571111285147
713,27-11-2025 14:25,134.7656,62.1094,54.55,11.72,-0.026627665397209732
714,27-11-2025 14:25,134.7656,62.1094,75.0,11.72,0.04487601353682846
715,27-11-2025 14:26,167.5781,119.5312,85.71,7.03,0.4503477167914707
716,27-11-2025 14:26,167.5781,119.5312,54.55,7.03,0.34139638986801657
717,27-11-2025 14:26,167.5781,119.5312,54.55,7.03,0.34139638986801657
718,27-11-2025 14:26,207.4219,119.5312,54.55,7.03,0.5631814710120266
719,27-11-2025 14:26,215.625,96.0938,54.55,9.38,0.5409150823659921
720,27-11-2025 14:26,215.625,96.0938,54.55,9.38,0.5409150823659921
721,27-11-2025 14:26,215.625,100.7812,54.55,11.72,0.6043926504203252
722,27-11-2025 14:26,217.9688,101.9531,100.0,11.72,0.7818383617427678
723,27-11-2025 14:26,217.9688,101.9531,100.0,11.72,0.7818383617427678
724,27-11-2025 14:26,97.2656,97.2656,100.0,11.72,0.08802980614455524
725,27-11-2025 14:26,97.2656,97.2656,100.0,14.06,0.12957719484529018
726,27-11-2025 14:26,96.0938,96.0938,100.0,14.06,0.11757221897501635
727,27-11-2025 14:26,96.0938,96.0938,100.0,16.41,0.15929716061891686
728,27-11-2025 14:26,96.0938,96.0938,100.0,14.06,0.11757221897501635
729,27-11-2025 14:26,96.0938,96.0938,100.0,16.41,0.15929716061891686
730,27-11-2025 14:26,96.0938,96.0938,92.31,16.41,0.13240898012978453
731,27-11-2025 14:26,96.0938,96.0938,92.31,14.06,0.09068403848588402
732,27-11-2025 14:26,110.1562,94.9219,92.31,14.06,0.16347769231685771
733,27-11-2025 14:26,96.0938,96.0938,92.31,16.41,0.13240898012978453
734,27-11-2025 14:26,96.0938,96.0938,92.31,14.06,0.09068403848588402
735,27-11-2025 14:26,96.0938,96.0938,100.0,14.06,0.11757221897501635
736,27-11-2025 14:26,107.8125,92.5781,100.0,16.41,0.20807937036536073
737,27-11-2025 14:26,107.8125,92.5781,92.31,16.41,0.18119118987622862
738,27-11-2025 14:26,107.8125,92.5781,92.31,16.41,0.18119118987622862
739,27-11-2025 14:26,101.9531,94.9219,92.31,14.06,0.11781625442357369
740,27-11-2025 14:26,100.7812,93.75,92.31,16.41,0.14753519570702545
741,27-11-2025 14:26,100.7812,93.75,92.31,14.06,0.10581025406312494
742,27-11-2025 14:26,100.7812,93.75,92.31,16.41,0.14753519570702545
743,27-11-2025 14:26,100.7812,93.75,92.31,14.06,0.10581025406312494
744,27-11-2025 14:26,100.7812,93.75,92.31,16.41,0.14753519570702545
745,27-11-2025 14:26,100.7812,93.75,92.31,16.41,0.14753519570702545
746,27-11-2025 14:26,100.7812,94.9219,92.31,14.06,0.11129303282842806
747,27-11-2025 14:26,100.7812,94.9219,92.31,14.06,0.11129303282842806
748,27-11-2025 14:26,100.7812,94.9219,92.31,11.72,0.06974564412769313
749,27-11-2025 14:26,99.6094,94.9219,92.31,14.06,0.1047703678696501
750,27-11-2025 14:26,99.6094,94.9219,50.0,14.06,-0.043167072506837045
751,27-11-2025 14:26,99.6094,94.9219,50.0,14.06,-0.043167072506837045
752,27-11-2025 14:26,100.7812,93.75,50.0,16.41,-0.00040224466946170434
753,27-11-2025 14:26,100.7812,93.75,50.0,14.06,-0.04212718631336221
754,27-11-2025 14:26,100.7812,93.75,50.0,16.41,-0.00040224466946170434
755,27-11-2025 14:26,100.7812,93.75,50.0,14.06,-0.04212718631336221
756,2025-11-27 14:46:00,94.9219,46.875,133.33,7.03,-0.12750399240113575
757,2025-11-27 14:46:00,94.9219,46.875,80.0,7.03,-0.31397299961640557
758,2025-11-27 14:46:00,94.9219,46.875,80.0,7.03,-0.31397299961640557
759,2025-11-27 14:46:00,94.9219,71.4844,57.14,7.03,-0.2787672586738379
760,2025-11-27 14:46:00,94.9219,71.4844,57.14,7.03,-0.2787672586738379
761,2025-11-27 14:46:00,105.4688,57.4219,57.14,9.38,-0.24412637756857758
762,2025-11-27 14:46:00,105.4688,57.4219,54.55,9.38,-0.2531823447294166
763,2025-11-27 14:46:00,105.4688,57.4219,54.55,9.38,-0.2531823447294166
764,2025-11-27 14:46:00,100.7812,57.4219,57.14,9.38,-0.2702192639491602
765,2025-11-27 14:46:00,100.7812,57.4219,57.14,11.72,-0.22867187524842525
766,2025-11-27 14:46:00,100.7812,52.7344,54.55,11.72,-0.2596584896166695
767,2025-11-27 14:46:00,100.7812,52.7344,54.55,11.72,-0.2596584896166695
768,2025-11-27 14:46:00,104.2969,57.4219,54.55,11.72,-0.21815817762382717
769,2025-11-27 14:46:00,104.2969,75.0,54.55,14.06,-0.09437097885877466
770,2025-11-27 14:47:00,103.125,75.0,57.14,14.06,-0.09183823329308116
771,2025-11-27 14:47:00,103.125,75.0,52.17,14.06,-0.10921590000712367
772,2025-11-27 14:47:00,103.125,75.0,52.17,14.06,-0.10921590000712367
773,2025-11-27 14:47:00,105.4688,87.8906,80.0,14.06,0.0614476466138838
774,2025-11-27 14:47:00,105.4688,87.8906,80.0,11.72,0.019900257913148867
775,2025-11-27 14:47:00,105.4688,87.8906,80.0,14.06,0.0614476466138838
776,2025-11-27 14:47:00,105.4688,87.8906,80.0,14.06,0.0614476466138838
777,2025-11-27 14:47:00,104.2969,87.8906,52.17,14.06,-0.04238351555506559
778,2025-11-27 14:47:00,104.2969,72.6562,70.59,14.06,-0.04925247721569015
779,2025-11-27 14:47:00,104.2969,104.2969,70.59,11.72,0.05723235362391521
780,2025-11-27 14:47:00,104.2969,104.2969,70.59,14.06,0.09877974232465037
781,2025-11-27 14:47:00,104.2969,104.2969,70.59,11.72,0.05723235362391521
782,2025-11-27 14:47:00,104.2969,104.2969,70.59,14.06,0.09877974232465037
783,2025-11-27 14:47:00,104.2969,104.2969,70.59,11.72,0.05723235362391521
784,2025-11-27 14:47:00,104.2969,104.2969,70.59,14.06,0.09877974232465037
785,2025-11-27 14:47:00,104.2969,104.2969,70.59,11.72,0.05723235362391521
786,2025-11-27 14:47:00,104.2969,104.2969,70.59,11.72,0.05723235362391521
787,2025-11-27 14:47:00,104.2969,104.2969,70.59,14.06,0.09877974232465037
788,2025-11-27 14:47:00,104.2969,104.2969,50.0,14.06,0.02678655165218835
789,2025-11-27 14:47:00,103.125,57.4219,50.0,11.72,-0.24059053071774428
790,2025-11-27 14:47:00,103.125,103.125,50.0,14.06,0.014780551291739386
791,2025-11-27 14:54:00,201.5625,119.5312,120.0,7.03,0.759412657385762
792,2025-11-27 14:54:00,201.5625,119.5312,50.0,7.03,0.5146567881738948
793,2025-11-27 14:54:00,201.5625,119.5312,50.0,7.03,0.5146567881738948
794,2025-11-27 14:54:00,208.5938,50.3906,50.0,9.38,0.2720435734065265
795,2025-11-27 14:54:00,208.5938,50.3906,52.17,9.38,0.2796310053520943
796,2025-11-27 14:54:00,208.5938,50.3906,52.17,11.72,0.3211783940528292
797,2025-11-27 14:54:00,208.5938,50.3906,52.17,11.72,0.3211783940528292
798,2025-11-27 14:54:00,206.25,50.3906,50.0,11.72,0.3005445189169702
799,2025-11-27 14:54:00,206.25,50.3906,50.0,11.72,0.3005445189169702
800,2025-11-27 14:54:00,214.4531,93.75,50.0,14.06,0.5906119491429387
801,2025-11-27 14:54:00,214.4531,93.75,50.0,14.06,0.5906119491429387
802,2025-11-27 14:54:00,207.4219,49.2188,50.0,14.06,0.3431328183013549
803,2025-11-27 14:54:00,202.7344,51.5625,50.0,16.41,0.36973051987783956
804,2025-11-27 14:54:00,202.7344,51.5625,50.0,16.41,0.36973051987783956
805,2025-11-27 14:54:00,188.6719,52.7344,50.0,14.06,0.2552113677665977
806,2025-11-27 14:54:00,188.6719,52.7344,50.0,14.06,0.2552113677665977
807,2025-11-27 14:54:00,189.8438,94.9219,50.0,16.41,0.5008353558722907
808,2025-11-27 14:54:00,189.8438,94.9219,50.0,16.41,0.5008353558722907
809,2025-11-27 14:54:00,189.8438,94.9219,50.0,14.06,0.45911041422839016
810,2025-11-27 14:54:00,189.8438,94.9219,50.0,16.41,0.5008353558722907
811,2025-11-27 14:54:00,189.8438,94.9219,50.0,16.41,0.5008353558722907
812,2025-11-27 14:54:00,189.8438,94.9219,50.0,14.06,0.45911041422839016
813,2025-11-27 14:54:00,189.8438,94.9219,50.0,16.41,0.5008353558722907
814,2025-11-27 14:54:00,189.8438,94.9219,50.0,16.41,0.5008353558722907
815,2025-11-27 14:54:00,189.8438,94.9219,50.0,14.06,0.45911041422839016
816,2025-11-27 14:54:00,189.8438,94.9219,50.0,16.41,0.5008353558722907
817,2025-11-27 14:54:00,189.8438,94.9219,50.0,14.06,0.45911041422839016
818,2025-11-27 14:54:00,189.8438,94.9219,50.0,16.41,0.5008353558722907
819,2025-11-27 14:54:00,189.8438,94.9219,50.0,14.06,0.45911041422839016
820,2025-11-27 14:54:00,189.8438,94.9219,50.0,16.41,0.5008353558722907
821,2025-11-27 14:54:00,189.8438,94.9219,50.0,14.06,0.45911041422839016
822,2025-11-27 14:54:00,188.6719,94.9219,50.0,16.41,0.49431213427714504
823,2025-11-27 14:54:00,188.6719,94.9219,50.0,14.06,0.4525871926332443
824,2025-11-27 14:54:00,188.6719,94.9219,50.0,16.41,0.49431213427714504
825,2025-11-27 14:54:00,96.0938,96.0938,50.0,14.06,-0.05725340189060313
826,2025-11-27 14:54:00,96.0938,96.0938,50.0,16.41,-0.015528460246702624
827,2025-11-27 14:54:00,96.0938,96.0938,50.0,14.06,-0.05725340189060313
828,2025-11-27 14:54:00,96.0938,96.0938,50.0,16.41,-0.015528460246702624
829,2025-11-27 14:54:00,96.0938,96.0938,50.0,14.06,-0.05725340189060313
830,2025-11-27 14:54:00,96.0938,96.0938,50.0,16.41,-0.015528460246702624
831,2025-11-27 14:54:00,96.0938,96.0938,50.0,16.41,-0.015528460246702624
832,2025-11-27 14:54:00,96.0938,96.0938,50.0,14.06,-0.05725340189060313
833,2025-11-27 14:54:00,96.0938,96.0938,50.0,16.41,-0.015528460246702624
834,2025-11-27 14:54:00,96.0938,96.0938,50.0,14.06,-0.05725340189060313
835,2025-11-27 14:54:00,96.0938,96.0938,50.0,16.41,-0.015528460246702624
836,2025-11-27 14:54:00,96.0938,96.0938,50.0,16.41,-0.015528460246702624
837,2025-11-27 14:54:00,96.0938,96.0938,50.0,14.06,-0.05725340189060313
838,2025-11-27 14:54:00,96.0938,96.0938,50.0,16.41,-0.015528460246702624
839,2025-11-27 14:54:00,96.0938,96.0938,92.31,16.41,0.13240898012978453
840,2025-11-27 14:54:00,96.0938,96.0938,92.31,14.06,0.09068403848588402
841,2025-11-27 15:06:00,96.0938,96.0938,92.31,14.06,0.09068403848588402
842,2025-11-27 15:06:00,0.0,0.0,133.33,0.0,-1.0
843,2025-11-27 15:06:00,94.9219,46.875,133.33,2.34,-0.21077632274577118
844,2025-11-27 15:06:00,94.9219,46.875,60.0,2.34,-0.46717557830728873
845,2025-11-27 15:06:00,230.8594,67.9688,60.0,4.69,0.4299150722790681
846,2025-11-27 15:06:00,127.7344,52.7344,60.0,7.03,-0.17384351378044138
847,2025-11-27 15:06:00,127.7344,52.7344,66.67,7.03,-0.1505217759569677
848,2025-11-27 15:06:00,127.7344,52.7344,66.67,7.03,-0.1505217759569677
849,2025-11-27 15:06:00,127.7344,52.7344,66.67,7.03,-0.1505217759569677
850,2025-11-27 15:06:00,205.0781,46.875,66.67,7.03,0.25258796053168453
851,2025-11-27 15:06:00,203.9062,58.5938,66.67,9.38,0.34261653252585567
852,2025-11-27 15:06:00,203.9062,58.5938,70.59,9.38,0.3563228612017204
853,2025-11-27 15:06:00,206.25,59.7656,70.59,9.38,0.37485161530350775
854,2025-11-27 15:06:00,207.4219,78.5156,70.59,11.72,0.5106448144290092
855,2025-11-27 15:06:00,207.4219,78.5156,70.59,14.06,0.5521922031297439
856,2025-11-27 15:06:00,207.4219,78.5156,70.59,14.06,0.5521922031297439
857,2025-11-27 15:06:00,208.5938,79.6875,70.59,11.72,0.5226508147894575
858,2025-11-27 15:06:00,208.5938,79.6875,100.0,11.72,0.6254832449826151
859,2025-11-27 15:06:00,208.5938,79.6875,100.0,11.72,0.6254832449826151
860,2025-11-27 15:06:00,206.25,90.2344,100.0,14.06,0.7033282636731721
861,2025-11-27 15:06:00,206.25,90.2344,100.0,16.41,0.7450532053170729
862,2025-11-27 15:06:00,202.7344,90.2344,100.0,14.06,0.6837591555241032
863,2025-11-27 15:06:00,203.9062,82.0312,100.0,14.06,0.6519028369795665
864,2025-11-27 15:06:00,203.9062,80.8594,100.0,14.06,0.6464205260680707
865,2025-11-27 15:06:00,212.1094,67.9688,92.31,14.06,0.6048851772516772
866,2025-11-27 15:06:00,212.1094,80.8594,92.31,11.72,0.6236469514078549
867,2025-11-27 15:06:00,212.1094,80.8594,92.31,14.06,0.66519434010859
868,2025-11-27 15:07:00,100.7812,79.6875,92.31,16.41,0.08174325408480976
869,2025-11-27 15:07:00,100.7812,79.6875,92.31,14.06,0.040018312440909476
870,2025-11-27 15:07:00,100.7812,79.6875,100.0,14.06,0.06690649293004158
871,2025-11-27 15:07:00,100.7812,80.8594,100.0,16.41,0.11411421333924521
872,2025-11-27 15:07:00,100.7812,80.8594,100.0,14.06,0.0723892716953447
873,2025-11-27 15:07:00,100.7812,80.8594,100.0,16.41,0.11411421333924521
874,2025-11-27 15:07:00,100.7812,80.8594,100.0,14.06,0.0723892716953447
875,2025-11-27 15:07:00,100.7812,80.8594,92.31,14.06,0.045501091206212374
876,2025-11-27 15:07:00,212.1094,80.8594,92.31,16.41,0.7069192817524905
877,2025-11-27 15:07:00,212.1094,80.8594,92.31,14.06,0.66519434010859
878,2025-11-27 15:07:00,212.1094,80.8594,92.31,16.41,0.7069192817524905
879,2025-11-27 15:07:00,212.1094,80.8594,92.31,14.06,0.66519434010859
